map_type,map_name,map_size,obstacle_ratio,task_id,start,goal,optimal_length
dao,arena,49x49,0.1445,0,"26,19","29,19",3.000000
dao,arena,49x49,0.1445,1,"30,44","28,43",2.414214
dao,arena,49x49,0.1445,2,"23,31","23,33",2.000000
dao,arena,49x49,0.1445,3,"22,30","21,31",1.414214
dao,arena,49x49,0.1445,4,"14,40","16,43",3.828427
dao,arena,49x49,0.1445,5,"1,11","1,13",2.000000
dao,arena,49x49,0.1445,6,"40,9","41,7",2.414214
dao,arena,49x49,0.1445,7,"6,12","4,15",3.828427
dao,arena,49x49,0.1445,8,"30,47","28,44",3.828427
dao,arena,49x49,0.1445,9,"46,45","43,44",3.414214
dao,arena,49x49,0.1445,10,"18,20","16,25",5.828427
dao,arena,49x49,0.1445,11,"28,25","30,21",4.828427
dao,arena,49x49,0.1445,12,"9,11","3,15",7.656854
dao,arena,49x49,0.1445,13,"36,18","40,22",5.656854
dao,arena,49x49,0.1445,14,"42,28","41,24",4.414214
dao,arena,49x49,0.1445,15,"14,41","16,45",4.828427
dao,arena,49x49,0.1445,16,"39,25","43,27",4.828427
dao,arena,49x49,0.1445,17,"12,31","9,26",6.242641
dao,arena,49x49,0.1445,18,"24,8","25,12",4.414214
dao,arena,49x49,0.1445,19,"17,41","14,44",4.242641
dao,arena,49x49,0.1445,20,"2,3","9,10",9.899495
dao,arena,49x49,0.1445,21,"22,22","24,11",11.828427
dao,arena,49x49,0.1445,22,"19,32","11,31",10.414214
dao,arena,49x49,0.1445,23,"45,15","42,7",9.242641
dao,arena,49x49,0.1445,24,"28,31","29,41",10.414214
dao,arena,49x49,0.1445,25,"13,31","8,40",11.071068
dao,arena,49x49,0.1445,26,"9,18","3,13",8.071068
dao,arena,49x49,0.1445,27,"14,2","6,5",9.242641
dao,arena,49x49,0.1445,28,"12,13","6,18",8.071068
dao,arena,49x49,0.1445,29,"40,31","35,23",10.071068
dao,arena,49x49,0.1445,30,"18,23","31,20",14.242641
dao,arena,49x49,0.1445,31,"28,24","20,15",12.313709
dao,arena,49x49,0.1445,32,"17,45","14,34",12.242641
dao,arena,49x49,0.1445,33,"10,41","12,28",13.828427
dao,arena,49x49,0.1445,34,"18,42","30,33",15.727922
dao,arena,49x49,0.1445,35,"26,25","12,22",15.242641
dao,arena,49x49,0.1445,36,"34,4","22,6",12.828427
dao,arena,49x49,0.1445,37,"22,14","13,26",15.727922
dao,arena,49x49,0.1445,38,"14,10","8,20",12.485281
dao,arena,49x49,0.1445,39,"35,11","21,12",14.414214
dao,arena,49x49,0.1445,40,"7,30","24,35",19.071068
dao,arena,49x49,0.1445,41,"19,31","33,39",17.313709
dao,arena,49x49,0.1445,42,"27,11","40,19",16.313709
dao,arena,49x49,0.1445,43,"39,28","40,46",18.414214
dao,arena,49x49,0.1445,44,"17,40","6,26",18.556349
dao,arena,49x49,0.1445,45,"44,36","29,24",19.970563
dao,arena,49x49,0.1445,46,"39,1","39,19",18.000000
dao,arena,49x49,0.1445,47,"29,32","12,36",18.656854
dao,arena,49x49,0.1445,48,"32,40","20,26",18.970563
dao,arena,49x49,0.1445,49,"30,14","45,7",17.899495
dao,arena2,209x281,0.5860,0,"159,99","162,101",3.828427
dao,arena2,209x281,0.5860,1,"130,112","131,109",3.414214
dao,arena2,209x281,0.5860,2,"94,101","93,103",2.414214
dao,arena2,209x281,0.5860,3,"58,111","60,110",2.414214
dao,arena2,209x281,0.5860,4,"83,93","80,95",3.828427
dao,arena2,209x281,0.5860,5,"124,256","125,258",2.414214
dao,arena2,209x281,0.5860,6,"48,262","46,259",3.828427
dao,arena2,209x281,0.5860,7,"39,270","40,268",2.414214
dao,arena2,209x281,0.5860,8,"101,237","102,237",1.000000
dao,arena2,209x281,0.5860,9,"178,274","178,273",1.000000
dao,arena2,209x281,0.5860,10,"99,102","104,98",6.656854
dao,arena2,209x281,0.5860,11,"113,69","117,69",4.000000
dao,arena2,209x281,0.5860,12,"138,256","131,256",7.000000
dao,arena2,209x281,0.5860,13,"123,118","126,112",7.242641
dao,arena2,209x281,0.5860,14,"128,141","129,147",6.414214
dao,arena2,209x281,0.5860,15,"40,140","44,137",5.242641
dao,arena2,209x281,0.5860,16,"53,239","50,245",7.242641
dao,arena2,209x281,0.5860,17,"143,164","143,160",4.000000
dao,arena2,209x281,0.5860,18,"73,170","69,174",5.656854
dao,arena2,209x281,0.5860,19,"123,264","122,258",6.414214
dao,arena2,209x281,0.5860,20,"91,82","101,81",10.414214
dao,arena2,209x281,0.5860,21,"98,108","106,116",11.313709
dao,arena2,209x281,0.5860,22,"139,194","132,185",11.899495
dao,arena2,209x281,0.5860,23,"90,196","98,189",10.899495
dao,arena2,209x281,0.5860,24,"144,268","141,277",10.242641
dao,arena2,209x281,0.5860,25,"91,263","100,263",9.828427
dao,arena2,209x281,0.5860,26,"87,122","97,123",10.414214
dao,arena2,209x281,0.5860,27,"136,168","136,178",10.000000
dao,arena2,209x281,0.5860,28,"43,150","51,144",10.485281
dao,arena2,209x281,0.5860,29,"39,130","31,133",10.414214
dao,arena2,209x281,0.5860,30,"113,192","106,180",14.899495
dao,arena2,209x281,0.5860,31,"166,221","153,227",15.485281
dao,arena2,209x281,0.5860,32,"49,161","45,147",15.656854
dao,arena2,209x281,0.5860,33,"74,270","60,274",15.656854
dao,arena2,209x281,0.5860,34,"157,126","170,121",15.071068
dao,arena2,209x281,0.5860,35,"95,202","82,206",14.656854
dao,arena2,209x281,0.5860,36,"132,183","128,196",14.656854
dao,arena2,209x281,0.5860,37,"167,121","169,133",12.828427
dao,arena2,209x281,0.5860,38,"164,90","165,105",15.414214
dao,arena2,209x281,0.5860,39,"189,256","196,266",12.899495
dao,arena2,209x281,0.5860,40,"49,129","36,138",16.727922
dao,arena2,209x281,0.5860,41,"154,254","136,256",18.828427
dao,arena2,209x281,0.5860,42,"50,95","38,107",16.970563
dao,arena2,209x281,0.5860,43,"72,161","78,175",16.485281
dao,arena2,209x281,0.5860,44,"92,117","94,136",19.828427
dao,arena2,209x281,0.5860,45,"67,264","81,251",19.384776
dao,arena2,209x281,0.5860,46,"18,128","13,114",16.071068
dao,arena2,209x281,0.5860,47,"135,167","139,184",18.656854
dao,arena2,209x281,0.5860,48,"95,82","102,99",19.899495
dao,arena2,209x281,0.5860,49,"67,128","77,116",16.142136
dao,brc000d,261x257,0.5682,0,"193,75","195,77",2.828427
dao,brc000d,261x257,0.5682,1,"193,126","194,126",1.000000
dao,brc000d,261x257,0.5682,2,"36,8","38,8",2.000000
dao,brc000d,261x257,0.5682,3,"163,253","163,251",2.000000
dao,brc000d,261x257,0.5682,4,"79,170","76,169",3.414214
dao,brc000d,261x257,0.5682,5,"191,157","193,157",2.000000
dao,brc000d,261x257,0.5682,6,"179,142","181,140",2.828427
dao,brc000d,261x257,0.5682,7,"136,52","137,54",2.414214
dao,brc000d,261x257,0.5682,8,"37,106","36,107",1.414214
dao,brc000d,261x257,0.5682,9,"204,108","205,105",3.414214
dao,brc000d,261x257,0.5682,10,"51,150","51,145",5.000000
dao,brc000d,261x257,0.5682,11,"66,185","62,183",4.828427
dao,brc000d,261x257,0.5682,12,"128,186","132,185",4.414214
dao,brc000d,261x257,0.5682,13,"93,143","95,139",4.828427
dao,brc000d,261x257,0.5682,14,"209,77","213,76",4.414214
dao,brc000d,261x257,0.5682,15,"174,161","168,163",6.828427
dao,brc000d,261x257,0.5682,16,"91,144","90,138",6.414214
dao,brc000d,261x257,0.5682,17,"59,61","53,62",6.414214
dao,brc000d,261x257,0.5682,18,"79,154","81,147",7.828427
dao,brc000d,261x257,0.5682,19,"226,142","220,139",7.242641
dao,brc000d,261x257,0.5682,20,"144,142","142,132",10.828427
dao,brc000d,261x257,0.5682,21,"201,100","198,92",9.242641
dao,brc000d,261x257,0.5682,22,"84,174","75,167",11.899495
dao,brc000d,261x257,0.5682,23,"34,17","33,27",10.414214
dao,brc000d,261x257,0.5682,24,"86,181","94,176",10.656854
dao,brc000d,261x257,0.5682,25,"84,101","79,93",10.071068
dao,brc000d,261x257,0.5682,26,"108,196","98,198",10.828427
dao,brc000d,261x257,0.5682,27,"230,126","227,117",10.242641
dao,brc000d,261x257,0.5682,28,"157,227","149,234",10.899495
dao,brc000d,261x257,0.5682,29,"167,215","163,206",10.656854
dao,brc000d,261x257,0.5682,30,"166,211","154,209",12.828427
dao,brc000d,261x257,0.5682,31,"78,98","72,88",12.485281
dao,brc000d,261x257,0.5682,32,"84,167","79,154",15.071068
dao,brc000d,261x257,0.5682,33,"227,132","229,118",14.828427
dao,brc000d,261x257,0.5682,34,"119,220","119,235",15.000000
dao,brc000d,261x257,0.5682,35,"100,70","85,72",15.828427
dao,brc000d,261x257,0.5682,36,"131,164","141,156",15.656854
dao,brc000d,261x257,0.5682,37,"59,130","52,119",13.899495
dao,brc000d,261x257,0.5682,38,"48,63","41,73",12.899495
dao,brc000d,261x257,0.5682,39,"44,81","32,74",14.899495
dao,brc000d,261x257,0.5682,40,"23,112","9,98",19.798990
dao,brc000d,261x257,0.5682,41,"97,99","86,84",19.556349
dao,brc000d,261x257,0.5682,42,"152,158","167,153",18.242641
dao,brc000d,261x257,0.5682,43,"46,147","34,134",17.970563
dao,brc000d,261x257,0.5682,44,"101,130","97,114",17.656854
dao,brc000d,261x257,0.5682,45,"25,129","29,114",16.656854
dao,brc000d,261x257,0.5682,46,"133,229","138,246",19.071068
dao,brc000d,261x257,0.5682,47,"152,227","136,230",17.242641
dao,brc000d,261x257,0.5682,48,"122,111","116,96",17.485281
dao,brc000d,261x257,0.5682,49,"229,119","224,133",16.071068
dao,brc100d,492x512,0.8768,0,"154,317","153,316",1.414214
dao,brc100d,492x512,0.8768,1,"289,312","290,313",1.414214
dao,brc100d,492x512,0.8768,2,"244,139","247,139",3.000000
dao,brc100d,492x512,0.8768,3,"210,64","207,63",3.414214
dao,brc100d,492x512,0.8768,4,"227,291","228,294",3.414214
dao,brc100d,492x512,0.8768,5,"254,240","255,242",2.414214
dao,brc100d,492x512,0.8768,6,"153,322","153,325",3.000000
dao,brc100d,492x512,0.8768,7,"303,163","302,161",2.414214
dao,brc100d,492x512,0.8768,8,"378,159","376,157",2.828427
dao,brc100d,492x512,0.8768,9,"275,429","274,429",1.000000
dao,brc100d,492x512,0.8768,10,"254,304","251,301",4.242641
dao,brc100d,492x512,0.8768,11,"182,290","188,293",7.242641
dao,brc100d,492x512,0.8768,12,"184,271","182,266",5.828427
dao,brc100d,492x512,0.8768,13,"214,60","215,67",7.414214
dao,brc100d,492x512,0.8768,14,"228,274","224,277",5.242641
dao,brc100d,492x512,0.8768,15,"254,220","258,219",4.414214
dao,brc100d,492x512,0.8768,16,"289,276","287,283",7.828427
dao,brc100d,492x512,0.8768,17,"188,311","192,310",4.414214
dao,brc100d,492x512,0.8768,18,"219,289","212,291",7.828427
dao,brc100d,492x512,0.8768,19,"286,281","280,281",6.000000
dao,brc100d,492x512,0.8768,20,"187,329","179,331",8.828427
dao,brc100d,492x512,0.8768,21,"269,226","266,216",11.242641
dao,brc100d,492x512,0.8768,22,"343,135","351,130",10.071068
dao,brc100d,492x512,0.8768,23,"324,235","315,242",11.899495
dao,brc100d,492x512,0.8768,24,"196,362","193,354",9.242641
dao,brc100d,492x512,0.8768,25,"282,128","288,122",8.485281
dao,brc100d,492x512,0.8768,26,"245,145","235,149",11.656854
dao,brc100d,492x512,0.8768,27,"286,187","292,192",8.071068
dao,brc100d,492x512,0.8768,28,"178,277","171,272",9.071068
dao,brc100d,492x512,0.8768,29,"282,284","280,294",10.828427
dao,brc100d,492x512,0.8768,30,"323,221","323,208",13.000000
dao,brc100d,492x512,0.8768,31,"268,392","261,380",14.899495
dao,brc100d,492x512,0.8768,32,"282,319","291,311",12.313709
dao,brc100d,492x512,0.8768,33,"291,228","302,234",13.485281
dao,brc100d,492x512,0.8768,34,"162,339","171,331",12.313709
dao,brc100d,492x512,0.8768,35,"301,162","315,161",14.414214
dao,brc100d,492x512,0.8768,36,"223,337","225,324",13.828427
dao,brc100d,492x512,0.8768,37,"329,235","316,234",13.414214
dao,brc100d,492x512,0.8768,38,"217,288","228,285",12.242641
dao,brc100d,492x512,0.8768,39,"273,116","277,105",12.656854
dao,brc100d,492x512,0.8768,40,"198,332","197,316",17.242641
dao,brc100d,492x512,0.8768,41,"316,107","321,122",19.656854
dao,brc100d,492x512,0.8768,42,"320,244","311,231",16.727922
dao,brc100d,492x512,0.8768,43,"191,340","174,338",17.828427
dao,brc100d,492x512,0.8768,44,"202,346","217,354",18.313709
dao,brc100d,492x512,0.8768,45,"287,227","276,214",17.556349
dao,brc100d,492x512,0.8768,46,"226,101","237,114",19.313709
dao,brc100d,492x512,0.8768,47,"266,114","256,101",17.142136
dao,brc100d,492x512,0.8768,48,"304,204","300,188",17.656854
dao,brc100d,492x512,0.8768,49,"286,223","271,235",19.970563
dao,brc101d,639x384,0.8782,0,"332,86","329,88",3.828427
dao,brc101d,639x384,0.8782,1,"341,172","344,170",3.828427
dao,brc101d,639x384,0.8782,2,"196,186","196,188",2.000000
dao,brc101d,639x384,0.8782,3,"276,15","275,14",1.414214
dao,brc101d,639x384,0.8782,4,"359,103","358,104",1.414214
dao,brc101d,639x384,0.8782,5,"591,146","592,144",2.414214
dao,brc101d,639x384,0.8782,6,"281,17","279,16",2.414214
dao,brc101d,639x384,0.8782,7,"498,308","500,307",2.414214
dao,brc101d,639x384,0.8782,8,"129,189","129,192",3.000000
dao,brc101d,639x384,0.8782,9,"452,177","450,178",2.414214
dao,brc101d,639x384,0.8782,10,"274,8","280,10",6.828427
dao,brc101d,639x384,0.8782,11,"447,262","443,268",7.656854
dao,brc101d,639x384,0.8782,12,"266,266","260,267",6.414214
dao,brc101d,639x384,0.8782,13,"574,223","578,224",4.414214
dao,brc101d,639x384,0.8782,14,"327,175","323,175",4.000000
dao,brc101d,639x384,0.8782,15,"302,255","297,260",7.071068
dao,brc101d,639x384,0.8782,16,"279,11","283,12",4.414214
dao,brc101d,639x384,0.8782,17,"277,289","283,287",6.828427
dao,brc101d,639x384,0.8782,18,"375,203","379,201",4.828427
dao,brc101d,639x384,0.8782,19,"441,278","440,271",7.414214
dao,brc101d,639x384,0.8782,20,"278,20","286,23",9.242641
dao,brc101d,639x384,0.8782,21,"428,114","420,118",9.656854
dao,brc101d,639x384,0.8782,22,"383,227","378,236",11.071068
dao,brc101d,639x384,0.8782,23,"539,151","547,157",10.485281
dao,brc101d,639x384,0.8782,24,"251,230","245,236",8.485281
dao,brc101d,639x384,0.8782,25,"533,155","541,150",10.071068
dao,brc101d,639x384,0.8782,26,"553,156","550,148",9.242641
dao,brc101d,639x384,0.8782,27,"281,12","282,3",9.414214
dao,brc101d,639x384,0.8782,28,"304,199","311,196",8.242641
dao,brc101d,639x384,0.8782,29,"487,65","496,61",10.656854
dao,brc101d,639x384,0.8782,30,"506,194","509,181",14.242641
dao,brc101d,639x384,0.8782,31,"413,193","408,203",12.071068
dao,brc101d,639x384,0.8782,32,"395,196","397,206",14.242641
dao,brc101d,639x384,0.8782,33,"578,214","567,224",15.142136
dao,brc101d,639x384,0.8782,34,"176,200","168,188",15.313709
dao,brc101d,639x384,0.8782,35,"280,268","292,259",15.727922
dao,brc101d,639x384,0.8782,36,"407,129","420,129",13.000000
dao,brc101d,639x384,0.8782,37,"420,216","410,224",13.313709
dao,brc101d,639x384,0.8782,38,"190,198","203,202",14.656854
dao,brc101d,639x384,0.8782,39,"557,225","567,233",13.313709
dao,brc101d,639x384,0.8782,40,"232,241","250,237",19.656854
dao,brc101d,639x384,0.8782,41,"391,200","377,208",17.313709
dao,brc101d,639x384,0.8782,42,"281,57","294,45",17.970563
dao,brc101d,639x384,0.8782,43,"425,117","418,103",16.899495
dao,brc101d,639x384,0.8782,44,"521,164","535,157",16.899495
dao,brc101d,639x384,0.8782,45,"575,137","592,138",17.414214
dao,brc101d,639x384,0.8782,46,"372,181","379,198",19.899495
dao,brc101d,639x384,0.8782,47,"290,247","299,261",17.727922
dao,brc101d,639x384,0.8782,48,"379,137","395,141",17.656854
dao,brc101d,639x384,0.8782,49,"595,134","580,142",18.313709
street,Berlin_0_256,256x256,0.2653,0,"165,248","164,249",2.000000
street,Berlin_0_256,256x256,0.2653,1,"86,153","86,156",3.000000
street,Berlin_0_256,256x256,0.2653,2,"240,38","241,40",2.414214
street,Berlin_0_256,256x256,0.2653,3,"103,196","103,198",2.000000
street,Berlin_0_256,256x256,0.2653,4,"178,150","178,153",3.000000
street,Berlin_0_256,256x256,0.2653,5,"223,142","224,140",2.414214
street,Berlin_0_256,256x256,0.2653,6,"168,77","169,80",3.414214
street,Berlin_0_256,256x256,0.2653,7,"32,227","31,230",3.414214
street,Berlin_0_256,256x256,0.2653,8,"14,233","13,230",3.414214
street,Berlin_0_256,256x256,0.2653,9,"86,178","86,176",2.000000
street,Berlin_0_256,256x256,0.2653,10,"34,19","27,17",7.828427
street,Berlin_0_256,256x256,0.2653,11,"137,119","140,116",4.242641
street,Berlin_0_256,256x256,0.2653,12,"63,180","68,177",6.242641
street,Berlin_0_256,256x256,0.2653,13,"229,159","228,164",5.414214
street,Berlin_0_256,256x256,0.2653,14,"65,148","70,146",5.828427
street,Berlin_0_256,256x256,0.2653,15,"88,70","84,75",6.656854
street,Berlin_0_256,256x256,0.2653,16,"154,191","153,198",7.414214
street,Berlin_0_256,256x256,0.2653,17,"92,192","95,195",4.242641
street,Berlin_0_256,256x256,0.2653,18,"172,188","172,182",6.000000
street,Berlin_0_256,256x256,0.2653,19,"239,175","245,178",7.242641
street,Berlin_0_256,256x256,0.2653,20,"57,198","60,191",8.242641
street,Berlin_0_256,256x256,0.2653,21,"201,107","192,106",9.414214
street,Berlin_0_256,256x256,0.2653,22,"219,116","219,108",8.000000
street,Berlin_0_256,256x256,0.2653,23,"5,150","2,143",8.242641
street,Berlin_0_256,256x256,0.2653,24,"225,34","223,43",9.828427
street,Berlin_0_256,256x256,0.2653,25,"198,132","191,123",11.899495
street,Berlin_0_256,256x256,0.2653,26,"183,50","194,49",11.414214
street,Berlin_0_256,256x256,0.2653,27,"35,250","44,245",11.071068
street,Berlin_0_256,256x256,0.2653,28,"83,86","80,94",9.242641
street,Berlin_0_256,256x256,0.2653,29,"151,145","141,142",11.242641
street,Berlin_0_256,256x256,0.2653,30,"85,69","97,68",12.414214
street,Berlin_0_256,256x256,0.2653,31,"85,162","73,170",15.313709
street,Berlin_0_256,256x256,0.2653,32,"48,182","33,183",15.414214
street,Berlin_0_256,256x256,0.2653,33,"57,164","43,163",14.414214
street,Berlin_0_256,256x256,0.2653,34,"181,136","166,138",15.828427
street,Berlin_0_256,256x256,0.2653,35,"159,77","160,64",13.414214
street,Berlin_0_256,256x256,0.2653,36,"224,125","209,124",15.414214
street,Berlin_0_256,256x256,0.2653,37,"30,6","40,14",13.313709
street,Berlin_0_256,256x256,0.2653,38,"62,141","51,137",12.656854
street,Berlin_0_256,256x256,0.2653,39,"50,75","54,64",12.656854
street,Berlin_0_256,256x256,0.2653,40,"242,81","241,63",18.414214
street,Berlin_0_256,256x256,0.2653,41,"66,243","82,239",17.656854
street,Berlin_0_256,256x256,0.2653,42,"60,63","48,73",16.142136
street,Berlin_0_256,256x256,0.2653,43,"106,207","110,191",17.656854
street,Berlin_0_256,256x256,0.2653,44,"97,235","81,237",16.828427
street,Berlin_0_256,256x256,0.2653,45,"184,232","189,246",16.071068
street,Berlin_0_256,256x256,0.2653,46,"34,164","18,164",16.000000
street,Berlin_0_256,256x256,0.2653,47,"20,148","5,159",19.556349
street,Berlin_0_256,256x256,0.2653,48,"159,164","168,149",18.727922
street,Berlin_0_256,256x256,0.2653,49,"228,127","212,127",16.000000
street,Berlin_0_512,512x512,0.2498,0,"222,4","222,3",1.000000
street,Berlin_0_512,512x512,0.2498,1,"138,360","136,361",2.414214
street,Berlin_0_512,512x512,0.2498,2,"380,121","383,122",3.414214
street,Berlin_0_512,512x512,0.2498,3,"17,295","20,294",3.414214
street,Berlin_0_512,512x512,0.2498,4,"30,278","27,280",3.828427
street,Berlin_0_512,512x512,0.2498,5,"481,307","482,308",1.414214
street,Berlin_0_512,512x512,0.2498,6,"35,77","37,79",2.828427
street,Berlin_0_512,512x512,0.2498,7,"507,166","509,165",2.414214
street,Berlin_0_512,512x512,0.2498,8,"176,203","176,200",3.000000
street,Berlin_0_512,512x512,0.2498,9,"147,340","148,339",1.414214
street,Berlin_0_512,512x512,0.2498,10,"384,238","387,235",4.242641
street,Berlin_0_512,512x512,0.2498,11,"324,17","321,21",5.242641
street,Berlin_0_512,512x512,0.2498,12,"444,289","439,288",5.414214
street,Berlin_0_512,512x512,0.2498,13,"290,203","294,206",5.242641
street,Berlin_0_512,512x512,0.2498,14,"47,494","51,493",4.414214
street,Berlin_0_512,512x512,0.2498,15,"41,326","48,328",7.828427
street,Berlin_0_512,512x512,0.2498,16,"392,374","390,379",5.828427
street,Berlin_0_512,512x512,0.2498,17,"441,349","444,353",5.242641
street,Berlin_0_512,512x512,0.2498,18,"20,383","22,387",4.828427
street,Berlin_0_512,512x512,0.2498,19,"211,24","208,19",6.242641
street,Berlin_0_512,512x512,0.2498,20,"510,445","508,453",8.828427
street,Berlin_0_512,512x512,0.2498,21,"52,344","52,352",8.000000
street,Berlin_0_512,512x512,0.2498,22,"202,317","194,314",9.242641
street,Berlin_0_512,512x512,0.2498,23,"48,183","40,183",8.000000
street,Berlin_0_512,512x512,0.2498,24,"172,409","168,419",11.656854
street,Berlin_0_512,512x512,0.2498,25,"304,448","297,443",9.071068
street,Berlin_0_512,512x512,0.2498,26,"71,486","79,479",10.899495
street,Berlin_0_512,512x512,0.2498,27,"364,95","364,86",9.000000
street,Berlin_0_512,512x512,0.2498,28,"298,150","303,144",8.071068
street,Berlin_0_512,512x512,0.2498,29,"420,385","426,376",11.485281
street,Berlin_0_512,512x512,0.2498,30,"99,17","87,19",12.828427
street,Berlin_0_512,512x512,0.2498,31,"69,126","72,114",13.242641
street,Berlin_0_512,512x512,0.2498,32,"435,475","442,463",14.899495
street,Berlin_0_512,512x512,0.2498,33,"123,345","130,334",13.899495
street,Berlin_0_512,512x512,0.2498,34,"459,491","465,479",14.485281
street,Berlin_0_512,512x512,0.2498,35,"197,110","210,103",15.899495
street,Berlin_0_512,512x512,0.2498,36,"310,316","325,316",15.000000
street,Berlin_0_512,512x512,0.2498,37,"312,231","298,230",14.414214
street,Berlin_0_512,512x512,0.2498,38,"350,212","360,219",12.899495
street,Berlin_0_512,512x512,0.2498,39,"149,131","158,141",13.727922
street,Berlin_0_512,512x512,0.2498,40,"42,42","59,47",19.071068
street,Berlin_0_512,512x512,0.2498,41,"488,244","472,236",19.313709
street,Berlin_0_512,512x512,0.2498,42,"448,459","445,474",16.242641
street,Berlin_0_512,512x512,0.2498,43,"86,165","101,171",17.485281
street,Berlin_0_512,512x512,0.2498,44,"333,122","325,138",19.313709
street,Berlin_0_512,512x512,0.2498,45,"177,458","166,444",18.556349
street,Berlin_0_512,512x512,0.2498,46,"420,445","426,461",18.485281
street,Berlin_0_512,512x512,0.2498,47,"490,256","498,271",18.313709
street,Berlin_0_512,512x512,0.2498,48,"462,483","463,502",19.414214
street,Berlin_0_512,512x512,0.2498,49,"511,229","498,243",19.384776
street,Berlin_0_1024,1024x1024,0.2421,0,"178,180","176,180",2.000000
street,Berlin_0_1024,1024x1024,0.2421,1,"15,104","15,106",2.000000
street,Berlin_0_1024,1024x1024,0.2421,2,"852,444","853,446",2.414214
street,Berlin_0_1024,1024x1024,0.2421,3,"782,891","783,889",2.414214
street,Berlin_0_1024,1024x1024,0.2421,4,"778,951","775,950",3.414214
street,Berlin_0_1024,1024x1024,0.2421,5,"781,953","778,951",3.828427
street,Berlin_0_1024,1024x1024,0.2421,6,"746,957","747,958",1.414214
street,Berlin_0_1024,1024x1024,0.2421,7,"598,670","598,668",2.000000
street,Berlin_0_1024,1024x1024,0.2421,8,"7,854","7,855",1.000000
street,Berlin_0_1024,1024x1024,0.2421,9,"301,103","300,102",1.414214
street,Berlin_0_1024,1024x1024,0.2421,10,"571,567","568,573",7.242641
street,Berlin_0_1024,1024x1024,0.2421,11,"849,1012","846,1009",4.242641
street,Berlin_0_1024,1024x1024,0.2421,12,"106,97","105,92",5.414214
street,Berlin_0_1024,1024x1024,0.2421,13,"49,85","44,90",7.071068
street,Berlin_0_1024,1024x1024,0.2421,14,"490,564","486,567",5.242641
street,Berlin_0_1024,1024x1024,0.2421,15,"570,996","570,1002",6.000000
street,Berlin_0_1024,1024x1024,0.2421,16,"878,893","874,897",5.656854
street,Berlin_0_1024,1024x1024,0.2421,17,"855,446","856,452",6.414214
street,Berlin_0_1024,1024x1024,0.2421,18,"110,112","116,111",6.414214
street,Berlin_0_1024,1024x1024,0.2421,19,"661,901","665,896",6.656854
street,Berlin_0_1024,1024x1024,0.2421,20,"137,556","127,552",11.656854
street,Berlin_0_1024,1024x1024,0.2421,21,"200,305","194,300",8.071068
street,Berlin_0_1024,1024x1024,0.2421,22,"278,982","286,983",8.414214
street,Berlin_0_1024,1024x1024,0.2421,23,"307,261","299,262",8.414214
street,Berlin_0_1024,1024x1024,0.2421,24,"486,420","480,426",8.485281
street,Berlin_0_1024,1024x1024,0.2421,25,"570,247","559,247",11.000000
street,Berlin_0_1024,1024x1024,0.2421,26,"214,175","222,178",9.242641
street,Berlin_0_1024,1024x1024,0.2421,27,"226,106","215,107",11.414214
street,Berlin_0_1024,1024x1024,0.2421,28,"357,271","366,278",11.899495
street,Berlin_0_1024,1024x1024,0.2421,29,"643,272","648,281",11.071068
street,Berlin_0_1024,1024x1024,0.2421,30,"380,313","384,300",14.656854
street,Berlin_0_1024,1024x1024,0.2421,31,"953,518","964,509",14.727922
street,Berlin_0_1024,1024x1024,0.2421,32,"631,818","642,825",13.899495
street,Berlin_0_1024,1024x1024,0.2421,33,"657,742","670,748",15.485281
street,Berlin_0_1024,1024x1024,0.2421,34,"163,635","162,621",14.414214
street,Berlin_0_1024,1024x1024,0.2421,35,"512,830","519,842",14.899495
street,Berlin_0_1024,1024x1024,0.2421,36,"172,866","162,858",13.313709
street,Berlin_0_1024,1024x1024,0.2421,37,"889,608","883,595",15.485281
street,Berlin_0_1024,1024x1024,0.2421,38,"314,155","301,158",14.242641
street,Berlin_0_1024,1024x1024,0.2421,39,"927,540","915,532",15.313709
street,Berlin_0_1024,1024x1024,0.2421,40,"754,566","772,562",19.656854
street,Berlin_0_1024,1024x1024,0.2421,41,"1009,54","1003,38",18.485281
street,Berlin_0_1024,1024x1024,0.2421,42,"687,336","691,319",18.656854
street,Berlin_0_1024,1024x1024,0.2421,43,"65,910","58,927",19.899495
street,Berlin_0_1024,1024x1024,0.2421,44,"574,439","588,446",16.899495
street,Berlin_0_1024,1024x1024,0.2421,45,"662,231","676,223",17.313709
street,Berlin_0_1024,1024x1024,0.2421,46,"507,97","514,80",19.899495
street,Berlin_0_1024,1024x1024,0.2421,47,"273,631","289,626",18.071068
street,Berlin_0_1024,1024x1024,0.2421,48,"106,188","113,205",19.899495
street,Berlin_0_1024,1024x1024,0.2421,49,"191,516","191,497",19.000000
street,Berlin_1_256,256x256,0.2746,0,"225,233","224,231",2.414214
street,Berlin_1_256,256x256,0.2746,1,"136,248","137,248",1.000000
street,Berlin_1_256,256x256,0.2746,2,"139,243","141,242",2.414214
street,Berlin_1_256,256x256,0.2746,3,"41,207","42,205",2.414214
street,Berlin_1_256,256x256,0.2746,4,"94,209","94,206",3.000000
street,Berlin_1_256,256x256,0.2746,5,"105,14","104,12",2.414214
street,Berlin_1_256,256x256,0.2746,6,"97,69","98,67",2.414214
street,Berlin_1_256,256x256,0.2746,7,"234,29","233,31",2.414214
street,Berlin_1_256,256x256,0.2746,8,"35,26","36,27",1.414214
street,Berlin_1_256,256x256,0.2746,9,"193,173","191,170",3.828427
street,Berlin_1_256,256x256,0.2746,10,"238,116","232,112",7.656854
street,Berlin_1_256,256x256,0.2746,11,"216,150","213,145",6.242641
street,Berlin_1_256,256x256,0.2746,12,"209,216","202,214",7.828427
street,Berlin_1_256,256x256,0.2746,13,"26,253","28,247",6.828427
street,Berlin_1_256,256x256,0.2746,14,"17,21","16,25",4.414214
street,Berlin_1_256,256x256,0.2746,15,"5,27","6,23",4.414214
street,Berlin_1_256,256x256,0.2746,16,"126,143","132,142",6.414214
street,Berlin_1_256,256x256,0.2746,17,"181,211","183,206",5.828427
street,Berlin_1_256,256x256,0.2746,18,"232,128","228,131",5.242641
street,Berlin_1_256,256x256,0.2746,19,"143,77","139,72",6.656854
street,Berlin_1_256,256x256,0.2746,20,"3,22","1,14",8.828427
street,Berlin_1_256,256x256,0.2746,21,"22,94","17,100",8.071068
street,Berlin_1_256,256x256,0.2746,22,"224,218","232,224",10.485281
street,Berlin_1_256,256x256,0.2746,23,"32,126","21,127",11.414214
street,Berlin_1_256,256x256,0.2746,24,"105,179","114,179",9.000000
street,Berlin_1_256,256x256,0.2746,25,"160,165","152,164",8.414214
street,Berlin_1_256,256x256,0.2746,26,"198,146","196,138",8.828427
street,Berlin_1_256,256x256,0.2746,27,"149,90","141,86",9.656854
street,Berlin_1_256,256x256,0.2746,28,"220,69","218,61",8.828427
street,Berlin_1_256,256x256,0.2746,29,"204,246","200,253",8.656854
street,Berlin_1_256,256x256,0.2746,30,"67,212","60,222",12.899495
street,Berlin_1_256,256x256,0.2746,31,"205,91","193,98",14.899495
street,Berlin_1_256,256x256,0.2746,32,"171,199","169,213",14.828427
street,Berlin_1_256,256x256,0.2746,33,"122,232","112,221",15.142136
street,Berlin_1_256,256x256,0.2746,34,"42,122","54,115",14.899495
street,Berlin_1_256,256x256,0.2746,35,"11,58","16,46",14.071068
street,Berlin_1_256,256x256,0.2746,36,"57,152","69,154",12.828427
street,Berlin_1_256,256x256,0.2746,37,"67,183","65,195",12.828427
street,Berlin_1_256,256x256,0.2746,38,"219,144","221,159",15.828427
street,Berlin_1_256,256x256,0.2746,39,"15,171","6,161",13.727922
street,Berlin_1_256,256x256,0.2746,40,"230,63","213,66",18.242641
street,Berlin_1_256,256x256,0.2746,41,"243,132","249,146",16.485281
street,Berlin_1_256,256x256,0.2746,42,"243,140","240,123",18.242641
street,Berlin_1_256,256x256,0.2746,43,"23,225","37,215",18.142136
street,Berlin_1_256,256x256,0.2746,44,"39,230","23,234",17.656854
street,Berlin_1_256,256x256,0.2746,45,"221,97","220,116",19.414214
street,Berlin_1_256,256x256,0.2746,46,"145,74","155,87",17.142136
street,Berlin_1_256,256x256,0.2746,47,"232,212","225,195",19.899495
street,Berlin_1_256,256x256,0.2746,48,"168,58","154,72",19.798990
street,Berlin_1_256,256x256,0.2746,49,"166,52","173,67",17.899495
street,Berlin_1_1024,1024x1024,0.2377,0,"723,797","721,797",2.000000
street,Berlin_1_1024,1024x1024,0.2377,1,"533,140","534,140",1.000000
street,Berlin_1_1024,1024x1024,0.2377,2,"143,617","142,617",1.000000
street,Berlin_1_1024,1024x1024,0.2377,3,"998,108","998,109",1.000000
street,Berlin_1_1024,1024x1024,0.2377,4,"65,314","64,313",1.414214
street,Berlin_1_1024,1024x1024,0.2377,5,"556,524","555,523",1.414214
street,Berlin_1_1024,1024x1024,0.2377,6,"512,120","512,119",1.000000
street,Berlin_1_1024,1024x1024,0.2377,7,"399,45","396,47",3.828427
street,Berlin_1_1024,1024x1024,0.2377,8,"828,501","829,502",1.414214
street,Berlin_1_1024,1024x1024,0.2377,9,"926,383","924,382",2.414214
street,Berlin_1_1024,1024x1024,0.2377,10,"292,533","292,537",4.000000
street,Berlin_1_1024,1024x1024,0.2377,11,"507,631","509,627",4.828427
street,Berlin_1_1024,1024x1024,0.2377,12,"672,956","668,951",6.656854
street,Berlin_1_1024,1024x1024,0.2377,13,"781,325","776,328",6.242641
street,Berlin_1_1024,1024x1024,0.2377,14,"381,529","384,523",7.242641
street,Berlin_1_1024,1024x1024,0.2377,15,"543,971","549,969",6.828427
street,Berlin_1_1024,1024x1024,0.2377,16,"437,759","435,753",6.828427
street,Berlin_1_1024,1024x1024,0.2377,17,"356,471","356,475",4.000000
street,Berlin_1_1024,1024x1024,0.2377,18,"313,970","313,976",6.000000
street,Berlin_1_1024,1024x1024,0.2377,19,"721,359","722,365",6.414214
street,Berlin_1_1024,1024x1024,0.2377,20,"114,426","105,425",9.414214
street,Berlin_1_1024,1024x1024,0.2377,21,"417,97","415,106",9.828427
street,Berlin_1_1024,1024x1024,0.2377,22,"34,232","38,240",9.656854
street,Berlin_1_1024,1024x1024,0.2377,23,"355,395","361,386",11.485281
street,Berlin_1_1024,1024x1024,0.2377,24,"497,1005","496,1016",11.414214
street,Berlin_1_1024,1024x1024,0.2377,25,"877,252","875,242",10.828427
street,Berlin_1_1024,1024x1024,0.2377,26,"791,620","792,610",10.414214
street,Berlin_1_1024,1024x1024,0.2377,27,"855,549","846,545",10.656854
street,Berlin_1_1024,1024x1024,0.2377,28,"932,773","934,784",11.828427
street,Berlin_1_1024,1024x1024,0.2377,29,"899,948","896,939",10.242641
street,Berlin_1_1024,1024x1024,0.2377,30,"480,793","483,805",13.242641
street,Berlin_1_1024,1024x1024,0.2377,31,"563,735","575,744",15.727922
street,Berlin_1_1024,1024x1024,0.2377,32,"514,318","502,318",12.000000
street,Berlin_1_1024,1024x1024,0.2377,33,"600,592","590,603",15.142136
street,Berlin_1_1024,1024x1024,0.2377,34,"763,688","769,678",12.485281
street,Berlin_1_1024,1024x1024,0.2377,35,"278,354","284,365",13.485281
street,Berlin_1_1024,1024x1024,0.2377,36,"964,990","973,999",12.727922
street,Berlin_1_1024,1024x1024,0.2377,37,"450,93","439,88",13.071068
street,Berlin_1_1024,1024x1024,0.2377,38,"295,510","292,523",14.242641
street,Berlin_1_1024,1024x1024,0.2377,39,"142,408","142,396",12.000000
street,Berlin_1_1024,1024x1024,0.2377,40,"348,674","357,690",19.727922
street,Berlin_1_1024,1024x1024,0.2377,41,"399,996","386,982",19.384776
street,Berlin_1_1024,1024x1024,0.2377,42,"798,377","809,363",18.556349
street,Berlin_1_1024,1024x1024,0.2377,43,"559,901","545,894",16.899495
street,Berlin_1_1024,1024x1024,0.2377,44,"616,265","623,281",18.899495
street,Berlin_1_1024,1024x1024,0.2377,45,"148,517","131,520",18.242641
street,Berlin_1_1024,1024x1024,0.2377,46,"892,233","888,217",17.656854
street,Berlin_1_1024,1024x1024,0.2377,47,"863,507","861,525",18.828427
street,Berlin_1_1024,1024x1024,0.2377,48,"698,489","717,489",19.000000
street,Berlin_1_1024,1024x1024,0.2377,49,"186,131","202,134",17.242641
wc3,battleground,512x512,0.6480,0,"393,146","394,148",2.414214
wc3,battleground,512x512,0.6480,1,"252,312","250,312",2.000000
wc3,battleground,512x512,0.6480,2,"279,352","282,353",3.414214
wc3,battleground,512x512,0.6480,3,"65,298","63,300",2.828427
wc3,battleground,512x512,0.6480,4,"181,256","184,257",3.414214
wc3,battleground,512x512,0.6480,5,"366,373","365,372",1.414214
wc3,battleground,512x512,0.6480,6,"126,104","128,106",2.828427
wc3,battleground,512x512,0.6480,7,"448,379","448,381",2.000000
wc3,battleground,512x512,0.6480,8,"416,225","418,222",3.828427
wc3,battleground,512x512,0.6480,9,"308,338","313,339",5.414214
wc3,battleground,512x512,0.6480,10,"111,140","115,145",6.656854
wc3,battleground,512x512,0.6480,11,"383,419","379,416",5.242641
wc3,battleground,512x512,0.6480,12,"439,401","434,396",7.071068
wc3,battleground,512x512,0.6480,13,"372,396","369,402",7.242641
wc3,battleground,512x512,0.6480,14,"252,240","257,241",5.414214
wc3,battleground,512x512,0.6480,15,"318,380","323,375",7.071068
wc3,battleground,512x512,0.6480,16,"137,371","137,367",4.000000
wc3,battleground,512x512,0.6480,17,"98,405","92,405",6.000000
wc3,battleground,512x512,0.6480,18,"435,106","441,102",7.656854
wc3,battleground,512x512,0.6480,19,"142,143","147,151",10.071068
wc3,battleground,512x512,0.6480,20,"300,263","292,260",9.242641
wc3,battleground,512x512,0.6480,21,"146,262","140,267",8.071068
wc3,battleground,512x512,0.6480,22,"220,177","218,185",8.828427
wc3,battleground,512x512,0.6480,23,"170,398","162,390",11.313709
wc3,battleground,512x512,0.6480,24,"168,302","159,304",9.828427
wc3,battleground,512x512,0.6480,25,"318,340","310,333",10.899495
wc3,battleground,512x512,0.6480,26,"221,236","212,233",10.242641
wc3,battleground,512x512,0.6480,27,"373,142","366,151",11.899495
wc3,battleground,512x512,0.6480,28,"274,329","277,323",8.414214
wc3,battleground,512x512,0.6480,29,"361,272","376,271",15.414214
wc3,battleground,512x512,0.6480,30,"104,70","98,82",14.485281
wc3,battleground,512x512,0.6480,31,"361,363","351,358",12.071068
wc3,battleground,512x512,0.6480,32,"225,250","215,244",12.485281
wc3,battleground,512x512,0.6480,33,"97,248","85,257",15.727922
wc3,battleground,512x512,0.6480,34,"363,210","354,220",13.727922
wc3,battleground,512x512,0.6480,35,"283,383","284,374",12.828427
wc3,battleground,512x512,0.6480,36,"287,344","299,345",14.414214
wc3,battleground,512x512,0.6480,37,"392,325","380,322",13.242641
wc3,battleground,512x512,0.6480,38,"332,192","319,198",15.485281
wc3,battleground,512x512,0.6480,39,"175,319","160,322",16.242641
wc3,battleground,512x512,0.6480,40,"308,245","297,257",16.556349
wc3,battleground,512x512,0.6480,41,"214,354","214,373",19.000000
wc3,battleground,512x512,0.6480,42,"314,385","332,386",18.414214
wc3,battleground,512x512,0.6480,43,"292,85","307,97",19.970563
wc3,battleground,512x512,0.6480,44,"132,229","137,245",18.071068
wc3,battleground,512x512,0.6480,45,"348,322","362,336",19.798990
wc3,battleground,512x512,0.6480,46,"290,267","289,250",17.414214
wc3,battleground,512x512,0.6480,47,"327,368","327,352",16.000000
wc3,battleground,512x512,0.6480,48,"282,250","289,234",18.899495
wc3,battleground,512x512,0.6480,49,"415,150","418,172",23.242641
wc3,blastedlands,512x512,0.4987,0,"377,273","379,272",2.414214
wc3,blastedlands,512x512,0.4987,1,"410,190","410,193",3.000000
wc3,blastedlands,512x512,0.4987,2,"161,116","159,116",2.000000
wc3,blastedlands,512x512,0.4987,3,"425,458","424,460",2.414214
wc3,blastedlands,512x512,0.4987,4,"98,198","96,200",2.828427
wc3,blastedlands,512x512,0.4987,5,"448,208","448,210",2.000000
wc3,blastedlands,512x512,0.4987,6,"72,263","75,261",3.828427
wc3,blastedlands,512x512,0.4987,7,"344,77","346,77",2.000000
wc3,blastedlands,512x512,0.4987,8,"266,306","263,304",3.828427
wc3,blastedlands,512x512,0.4987,9,"438,311","438,309",2.000000
wc3,blastedlands,512x512,0.4987,10,"297,374","298,367",7.414214
wc3,blastedlands,512x512,0.4987,11,"396,199","400,204",6.656854
wc3,blastedlands,512x512,0.4987,12,"179,52","182,47",6.242641
wc3,blastedlands,512x512,0.4987,13,"285,125","287,118",7.828427
wc3,blastedlands,512x512,0.4987,14,"337,432","342,429",6.242641
wc3,blastedlands,512x512,0.4987,15,"166,277","166,284",7.000000
wc3,blastedlands,512x512,0.4987,16,"362,368","368,367",6.414214
wc3,blastedlands,512x512,0.4987,17,"250,167","249,173",6.414214
wc3,blastedlands,512x512,0.4987,18,"212,168","209,172",5.242641
wc3,blastedlands,512x512,0.4987,19,"267,330","264,335",6.242641
wc3,blastedlands,512x512,0.4987,20,"373,62","376,69",8.242641
wc3,blastedlands,512x512,0.4987,21,"409,337","418,333",10.656854
wc3,blastedlands,512x512,0.4987,22,"116,403","125,404",9.414214
wc3,blastedlands,512x512,0.4987,23,"255,117","265,114",11.242641
wc3,blastedlands,512x512,0.4987,24,"221,178","212,177",9.414214
wc3,blastedlands,512x512,0.4987,25,"107,351","117,348",11.242641
wc3,blastedlands,512x512,0.4987,26,"242,346","237,352",8.071068
wc3,blastedlands,512x512,0.4987,27,"184,211","182,219",8.828427
wc3,blastedlands,512x512,0.4987,28,"289,135","282,139",8.656854
wc3,blastedlands,512x512,0.4987,29,"262,288","271,287",9.414214
wc3,blastedlands,512x512,0.4987,30,"290,51","281,63",15.727922
wc3,blastedlands,512x512,0.4987,31,"186,261","190,248",14.656854
wc3,blastedlands,512x512,0.4987,32,"240,220","252,224",13.656854
wc3,blastedlands,512x512,0.4987,33,"154,108","156,95",13.828427
wc3,blastedlands,512x512,0.4987,34,"115,215","102,209",15.485281
wc3,blastedlands,512x512,0.4987,35,"95,322","97,310",12.828427
wc3,blastedlands,512x512,0.4987,36,"378,240","366,246",15.071068
wc3,blastedlands,512x512,0.4987,37,"186,384","194,396",15.313709
wc3,blastedlands,512x512,0.4987,38,"265,476","259,466",13.071068
wc3,blastedlands,512x512,0.4987,39,"290,258","281,246",15.727922
wc3,blastedlands,512x512,0.4987,40,"290,384","296,367",19.485281
wc3,blastedlands,512x512,0.4987,41,"422,396","406,403",18.899495
wc3,blastedlands,512x512,0.4987,42,"213,366","202,380",18.556349
wc3,blastedlands,512x512,0.4987,43,"424,443","411,435",16.313709
wc3,blastedlands,512x512,0.4987,44,"265,300","270,283",19.071068
wc3,blastedlands,512x512,0.4987,45,"311,199","303,213",17.313709
wc3,blastedlands,512x512,0.4987,46,"303,455","289,442",19.384776
wc3,blastedlands,512x512,0.4987,47,"297,280","306,267",16.727922
wc3,blastedlands,512x512,0.4987,48,"82,289","78,273",17.656854
wc3,blastedlands,512x512,0.4987,49,"370,413","358,423",16.142136
wc3,bloodvenomfalls,512x512,0.5573,0,"138,394","137,397",3.414214
wc3,bloodvenomfalls,512x512,0.5573,1,"87,337","84,336",3.414214
wc3,bloodvenomfalls,512x512,0.5573,2,"355,138","357,138",2.000000
wc3,bloodvenomfalls,512x512,0.5573,3,"83,178","83,181",3.000000
wc3,bloodvenomfalls,512x512,0.5573,4,"63,260","65,262",2.828427
wc3,bloodvenomfalls,512x512,0.5573,5,"349,339","346,338",3.414214
wc3,bloodvenomfalls,512x512,0.5573,6,"152,239","155,238",3.414214
wc3,bloodvenomfalls,512x512,0.5573,7,"365,383","366,385",2.414214
wc3,bloodvenomfalls,512x512,0.5573,8,"287,224","286,227",3.414214
wc3,bloodvenomfalls,512x512,0.5573,9,"291,172","289,173",2.414214
wc3,bloodvenomfalls,512x512,0.5573,10,"205,417","203,422",6.414214
wc3,bloodvenomfalls,512x512,0.5573,11,"133,261","137,258",5.242641
wc3,bloodvenomfalls,512x512,0.5573,12,"458,340","465,342",7.828427
wc3,bloodvenomfalls,512x512,0.5573,13,"204,156","197,158",7.828427
wc3,bloodvenomfalls,512x512,0.5573,14,"279,283","272,284",7.414214
wc3,bloodvenomfalls,512x512,0.5573,15,"413,412","417,413",4.414214
wc3,bloodvenomfalls,512x512,0.5573,16,"201,389","203,395",6.828427
wc3,bloodvenomfalls,512x512,0.5573,17,"302,257","295,256",7.414214
wc3,bloodvenomfalls,512x512,0.5573,18,"230,409","234,403",7.656854
wc3,bloodvenomfalls,512x512,0.5573,19,"463,71","461,75",4.828427
wc3,bloodvenomfalls,512x512,0.5573,20,"169,376","174,382",8.071068
wc3,bloodvenomfalls,512x512,0.5573,21,"443,263","443,252",11.000000
wc3,bloodvenomfalls,512x512,0.5573,22,"352,418","362,419",10.414214
wc3,bloodvenomfalls,512x512,0.5573,23,"397,203","405,199",9.656854
wc3,bloodvenomfalls,512x512,0.5573,24,"281,127","281,118",9.000000
wc3,bloodvenomfalls,512x512,0.5573,25,"347,328","339,322",10.485281
wc3,bloodvenomfalls,512x512,0.5573,26,"181,280","185,272",9.656854
wc3,bloodvenomfalls,512x512,0.5573,27,"218,74","215,81",8.242641
wc3,bloodvenomfalls,512x512,0.5573,28,"167,130","168,119",11.414214
wc3,bloodvenomfalls,512x512,0.5573,29,"395,185","391,175",11.656854
wc3,bloodvenomfalls,512x512,0.5573,30,"354,413","363,423",13.727922
wc3,bloodvenomfalls,512x512,0.5573,31,"182,151","170,143",15.313709
wc3,bloodvenomfalls,512x512,0.5573,32,"258,309","253,299",12.071068
wc3,bloodvenomfalls,512x512,0.5573,33,"379,229","385,220",13.242641
wc3,bloodvenomfalls,512x512,0.5573,34,"77,248","91,252",15.656854
wc3,bloodvenomfalls,512x512,0.5573,35,"192,338","180,338",12.000000
wc3,bloodvenomfalls,512x512,0.5573,36,"201,138","189,135",13.242641
wc3,bloodvenomfalls,512x512,0.5573,37,"211,343","222,334",14.727922
wc3,bloodvenomfalls,512x512,0.5573,38,"261,349","258,337",13.242641
wc3,bloodvenomfalls,512x512,0.5573,39,"185,403","173,398",14.071068
wc3,bloodvenomfalls,512x512,0.5573,40,"437,344","426,358",18.556349
wc3,bloodvenomfalls,512x512,0.5573,41,"242,252","250,266",17.313709
wc3,bloodvenomfalls,512x512,0.5573,42,"363,58","368,75",19.071068
wc3,bloodvenomfalls,512x512,0.5573,43,"381,352","363,356",19.656854
wc3,bloodvenomfalls,512x512,0.5573,44,"122,428","110,441",17.970563
wc3,bloodvenomfalls,512x512,0.5573,45,"436,454","426,442",16.142136
wc3,bloodvenomfalls,512x512,0.5573,46,"282,353","268,342",18.556349
wc3,bloodvenomfalls,512x512,0.5573,47,"132,303","142,290",17.142136
wc3,bloodvenomfalls,512x512,0.5573,48,"248,75","263,87",19.970563
wc3,bloodvenomfalls,512x512,0.5573,49,"110,149","114,164",18.899495
wc3,bootybay,512x512,0.7149,0,"268,263","270,265",2.828427
wc3,bootybay,512x512,0.7149,1,"399,319","397,321",2.828427
wc3,bootybay,512x512,0.7149,2,"231,240","230,241",1.414214
wc3,bootybay,512x512,0.7149,3,"260,288","259,285",3.414214
wc3,bootybay,512x512,0.7149,4,"254,275","254,278",3.000000
wc3,bootybay,512x512,0.7149,5,"194,396","192,396",2.000000
wc3,bootybay,512x512,0.7149,6,"180,439","180,441",2.000000
wc3,bootybay,512x512,0.7149,7,"141,403","142,402",1.414214
wc3,bootybay,512x512,0.7149,8,"243,275","243,276",1.000000
wc3,bootybay,512x512,0.7149,9,"388,274","390,272",2.828427
wc3,bootybay,512x512,0.7149,10,"348,216","344,212",5.656854
wc3,bootybay,512x512,0.7149,11,"302,296","296,299",7.242641
wc3,bootybay,512x512,0.7149,12,"421,274","416,275",5.414214
wc3,bootybay,512x512,0.7149,13,"139,92","144,90",5.828427
wc3,bootybay,512x512,0.7149,14,"356,251","353,248",4.242641
wc3,bootybay,512x512,0.7149,15,"185,395","184,401",6.414214
wc3,bootybay,512x512,0.7149,16,"249,351","249,356",5.000000
wc3,bootybay,512x512,0.7149,17,"231,401","230,396",5.414214
wc3,bootybay,512x512,0.7149,18,"334,444","336,449",5.828427
wc3,bootybay,512x512,0.7149,19,"179,88","181,92",4.828427
wc3,bootybay,512x512,0.7149,20,"380,140","372,140",8.000000
wc3,bootybay,512x512,0.7149,21,"264,91","272,89",8.828427
wc3,bootybay,512x512,0.7149,22,"290,144","289,153",9.414214
wc3,bootybay,512x512,0.7149,23,"276,335","284,338",9.242641
wc3,bootybay,512x512,0.7149,24,"288,357","279,360",10.242641
wc3,bootybay,512x512,0.7149,25,"143,428","151,436",11.313709
wc3,bootybay,512x512,0.7149,26,"228,89","235,80",11.899495
wc3,bootybay,512x512,0.7149,27,"275,300","274,308",8.414214
wc3,bootybay,512x512,0.7149,28,"166,113","172,119",8.485281
wc3,bootybay,512x512,0.7149,29,"379,174","389,173",10.414214
wc3,bootybay,512x512,0.7149,30,"411,285","398,281",14.656854
wc3,bootybay,512x512,0.7149,31,"324,460","339,459",15.414214
wc3,bootybay,512x512,0.7149,32,"405,201","411,190",13.485281
wc3,bootybay,512x512,0.7149,33,"196,77","186,83",12.485281
wc3,bootybay,512x512,0.7149,34,"309,171","302,181",12.899495
wc3,bootybay,512x512,0.7149,35,"182,64","173,74",14.899495
wc3,bootybay,512x512,0.7149,36,"402,228","392,234",12.485281
wc3,bootybay,512x512,0.7149,37,"387,369","376,380",15.556349
wc3,bootybay,512x512,0.7149,38,"151,419","139,425",14.485281
wc3,bootybay,512x512,0.7149,39,"383,59","378,72",15.071068
wc3,bootybay,512x512,0.7149,40,"406,305","387,303",19.828427
wc3,bootybay,512x512,0.7149,41,"391,386","375,385",16.414214
wc3,bootybay,512x512,0.7149,42,"241,460","257,465",18.071068
wc3,bootybay,512x512,0.7149,43,"391,416","407,419",17.242641
wc3,bootybay,512x512,0.7149,44,"367,218","369,199",19.828427
wc3,bootybay,512x512,0.7149,45,"381,139","386,124",17.071068
wc3,bootybay,512x512,0.7149,46,"260,82","279,84",19.828427
wc3,bootybay,512x512,0.7149,47,"288,70","306,73",19.242641
wc3,bootybay,512x512,0.7149,48,"290,173","307,176",18.242641
wc3,bootybay,512x512,0.7149,49,"286,70","284,54",16.828427
wc3,darkforest,512x512,0.6194,0,"114,206","112,207",2.414214
wc3,darkforest,512x512,0.6194,1,"141,241","141,242",1.000000
wc3,darkforest,512x512,0.6194,2,"411,269","408,268",3.414214
wc3,darkforest,512x512,0.6194,3,"212,119","214,120",2.414214
wc3,darkforest,512x512,0.6194,4,"382,218","382,215",3.000000
wc3,darkforest,512x512,0.6194,5,"373,319","372,318",1.414214
wc3,darkforest,512x512,0.6194,6,"291,211","293,211",2.000000
wc3,darkforest,512x512,0.6194,7,"249,112","250,111",1.414214
wc3,darkforest,512x512,0.6194,8,"86,105","85,104",1.414214
wc3,darkforest,512x512,0.6194,9,"158,369","159,368",1.414214
wc3,darkforest,512x512,0.6194,10,"301,304","303,297",7.828427
wc3,darkforest,512x512,0.6194,11,"297,221","291,217",7.656854
wc3,darkforest,512x512,0.6194,12,"247,436","253,440",7.656854
wc3,darkforest,512x512,0.6194,13,"351,225","353,232",7.828427
wc3,darkforest,512x512,0.6194,14,"165,318","171,319",6.414214
wc3,darkforest,512x512,0.6194,15,"426,432","421,427",7.071068
wc3,darkforest,512x512,0.6194,16,"241,152","245,154",4.828427
wc3,darkforest,512x512,0.6194,17,"364,108","362,101",7.828427
wc3,darkforest,512x512,0.6194,18,"77,281","78,274",7.414214
wc3,darkforest,512x512,0.6194,19,"304,437","299,434",6.242641
wc3,darkforest,512x512,0.6194,20,"135,436","145,432",11.656854
wc3,darkforest,512x512,0.6194,21,"292,253","300,249",9.656854
wc3,darkforest,512x512,0.6194,22,"79,276","78,267",9.414214
wc3,darkforest,512x512,0.6194,23,"349,77","346,87",11.242641
wc3,darkforest,512x512,0.6194,24,"187,131","193,126",8.071068
wc3,darkforest,512x512,0.6194,25,"88,259","78,256",11.242641
wc3,darkforest,512x512,0.6194,26,"148,428","156,422",10.485281
wc3,darkforest,512x512,0.6194,27,"196,308","189,313",9.071068
wc3,darkforest,512x512,0.6194,28,"227,352","234,343",11.899495
wc3,darkforest,512x512,0.6194,29,"228,340","236,344",9.656854
wc3,darkforest,512x512,0.6194,30,"206,406","196,395",15.142136
wc3,darkforest,512x512,0.6194,31,"209,300","216,311",13.899495
wc3,darkforest,512x512,0.6194,32,"193,276","182,273",12.242641
wc3,darkforest,512x512,0.6194,33,"437,329","431,342",15.485281
wc3,darkforest,512x512,0.6194,34,"144,378","132,386",15.313709
wc3,darkforest,512x512,0.6194,35,"173,253","178,266",15.071068
wc3,darkforest,512x512,0.6194,36,"93,396","87,387",13.242641
wc3,darkforest,512x512,0.6194,37,"315,243","329,242",14.414214
wc3,darkforest,512x512,0.6194,38,"142,396","147,406",12.071068
wc3,darkforest,512x512,0.6194,39,"302,319","291,308",15.556349
wc3,darkforest,512x512,0.6194,40,"390,154","404,161",16.899495
wc3,darkforest,512x512,0.6194,41,"342,93","338,78",16.656854
wc3,darkforest,512x512,0.6194,42,"398,189","385,199",17.142136
wc3,darkforest,512x512,0.6194,43,"265,166","260,182",18.071068
wc3,darkforest,512x512,0.6194,44,"78,268","91,277",16.727922
wc3,darkforest,512x512,0.6194,45,"415,147","421,132",17.485281
wc3,darkforest,512x512,0.6194,46,"203,104","194,117",16.727922
wc3,darkforest,512x512,0.6194,47,"114,329","98,321",19.313709
wc3,darkforest,512x512,0.6194,48,"199,447","217,449",18.828427
wc3,darkforest,512x512,0.6194,49,"354,269","366,256",17.970563
